<?xml version="1.0"?>

<config xmlns:xsi="http://www.w3.org/2001/XMLSchema-instance" 
    xsi:noNamespaceSchemaLocation="urn:magento:framework:ObjectManager/etc/config.xsd">

    <type 
        name="Magento\Framework\View\Element\UiComponent\DataProvider\CollectionFactory">
        <arguments>
            <argument name="collections" xsi:type="array">
                <item name="pleats_style_listing_data_source" xsi:type="string">
                    Pleats\Style\Model\ResourceModel\Pleats\Grid\Collection
                </item>                
            </argument>
        </arguments>
    </type>

    <type name="Pleats\Style\Model\ResourceModel\Pleats\Grid\Collection">
        <arguments>
            <argument name="mainTable" xsi:type="string">pleats_style</argument>
            <argument name="elapelPrefix" xsi:type="string">
                pleats_style_grid_collection
            </argument>
            <argument name="elapelObject" xsi:type="string">
                pleats_style_grid_collection
            </argument>
            <argument name="resourceModel" xsi:type="string">
                Pleats\Style\Model\ResourceModel\Pleats
            </argument>
        </arguments>
    </type>


    <type name="Pleats\Style\Controller\Adminhtml\Pleats\Image\Upload">
        <arguments>
            <argument name="imageUploader" xsi:type="object">
                PleatsImageUpload
            </argument>
        </arguments>
    </type>


    <virtualType name="PleatsImageUpload" type="Pleats\Style\Model\ImageUploader">
        <arguments>
            <argument name="baseTmpPath" xsi:type="string">pleats_style</argument>
            <argument name="basePath" xsi:type="string">pleats_style</argument>
            <argument name="allowedExtensions" xsi:type="array">
                <item name="jpg" xsi:type="string">jpg</item>
                <item name="jpeg" xsi:type="string">jpeg</item>
                <item name="gif" xsi:type="string">gif</item>
                <item name="png" xsi:type="string">png</item>
            </argument>
        </arguments>
    </virtualType>  


    
    <virtualType name="PleatsGridFilterPool" 
        type="Magento\Framework\View\Element\UiComponent\DataProvider\FilterPool">
        <arguments>
            <argument name="appliers" xsi:type="array">
                <item name="regular" xsi:type="object">
                    Magento\Framework\View\Element\UiComponent\DataProvider\RegularFilter
                </item>
                <item name="fulltext" xsi:type="object">
                    Magento\Framework\View\Element\UiComponent\DataProvider\FulltextFilter
                </item>
            </argument>
        </arguments>
    </virtualType>
    
    <virtualType name="PleatsGridDataProvider" 
        type="Magento\Framework\View\Element\UiComponent\DataProvider\DataProvider">
        <arguments>
            <argument name="collection" xsi:type="object" shared="false">
                Pleats\Style\Model\ResourceModel\Pleats\Collection
            </argument>
            <argument name="filterPool" xsi:type="object" shared="false">
                PleatsGridFilterPool
            </argument>
        </arguments>
    </virtualType>

</config>
