<?xml version="1.0"?>

<config xmlns:xsi="http://www.w3.org/2001/XMLSchema-instance" 
    xsi:noNamespaceSchemaLocation="urn:magento:framework:ObjectManager/etc/config.xsd">

    <type 
        name="Magento\Framework\View\Element\UiComponent\DataProvider\CollectionFactory">
        <arguments>
            <argument name="collections" xsi:type="array">
                <item name="manage_shirt_listing_data_source" xsi:type="string">
                    Manage\Shirt\Model\ResourceModel\Shirt\Grid\Collection
                </item>                
            </argument>
        </arguments>
    </type>

    <type name="Manage\Shirt\Model\ResourceModel\Shirt\Grid\Collection">
        <arguments>
            <argument name="mainTable" xsi:type="string">manage_shirt</argument>
            <argument name="elapelPrefix" xsi:type="string">
                manage_shirt_grid_collection
            </argument>
            <argument name="elapelObject" xsi:type="string">
                manage_shirt_grid_collection
            </argument>
            <argument name="resourceModel" xsi:type="string">
                Manage\Shirt\Model\ResourceModel\Shirt
            </argument>
        </arguments>
    </type>


    <type name="Manage\Shirt\Controller\Adminhtml\Shirt\Image\Upload">
        <arguments>
            <argument name="imageUploader" xsi:type="object">
                ShirtImageUpload
            </argument>
        </arguments>
    </type>


    <virtualType name="ShirtImageUpload" type="Manage\Shirt\Model\ImageUploader">
        <arguments>
            <argument name="baseTmpPath" xsi:type="string">manage_shirt</argument>
            <argument name="basePath" xsi:type="string">manage_shirt</argument>
            <argument name="allowedExtensions" xsi:type="array">
                <item name="jpg" xsi:type="string">jpg</item>
                <item name="jpeg" xsi:type="string">jpeg</item>
                <item name="gif" xsi:type="string">gif</item>
                <item name="png" xsi:type="string">png</item>
            </argument>
        </arguments>
    </virtualType>  


    
    <virtualType name="ShirtGridFilterPool" 
        type="Magento\Framework\View\Element\UiComponent\DataProvider\FilterPool">
        <arguments>
            <argument name="appliers" xsi:type="array">
                <item name="regular" xsi:type="object">
                    Magento\Framework\View\Element\UiComponent\DataProvider\RegularFilter
                </item>
                <item name="fulltext" xsi:type="object">
                    Magento\Framework\View\Element\UiComponent\DataProvider\FulltextFilter
                </item>
            </argument>
        </arguments>
    </virtualType>
    
    <virtualType name="ShirtGridDataProvider" 
        type="Magento\Framework\View\Element\UiComponent\DataProvider\DataProvider">
        <arguments>
            <argument name="collection" xsi:type="object" shared="false">
                Manage\Shirt\Model\ResourceModel\Shirt\Collection
            </argument>
            <argument name="filterPool" xsi:type="object" shared="false">
                ShirtGridFilterPool
            </argument>
        </arguments>
    </virtualType>

</config>
