<?xml version="1.0"?>

<config xmlns:xsi="http://www.w3.org/2001/XMLSchema-instance" 
    xsi:noNamespaceSchemaLocation="urn:magento:framework:ObjectManager/etc/config.xsd">

    <type 
        name="Magento\Framework\View\Element\UiComponent\DataProvider\CollectionFactory">
        <arguments>
            <argument name="collections" xsi:type="array">
                <item name="sleeves_manage_listing_data_source" xsi:type="string">
                    Sleeves\Manage\Model\ResourceModel\Sleeves\Grid\Collection
                </item>                
            </argument>
        </arguments>
    </type>

    <type name="Sleeves\Manage\Model\ResourceModel\Sleeves\Grid\Collection">
        <arguments>
            <argument name="mainTable" xsi:type="string"> sleeves_manage</argument>
            <argument name="elapelPrefix" xsi:type="string">
                 sleeves_manage_grid_collection
            </argument>
            <argument name="elapelObject" xsi:type="string">
                 sleeves_manage_grid_collection
            </argument>
            <argument name="resourceModel" xsi:type="string">
                Sleeves\Manage\Model\ResourceModel\Sleeves
            </argument>
        </arguments>
    </type>


    <type name="Sleeves\Manage\Controller\Adminhtml\Sleeves\Image\Upload">
        <arguments>
            <argument name="imageUploader" xsi:type="object">
                SleevesImageUpload
            </argument>
        </arguments>
    </type>


    <virtualType name="SleevesImageUpload" type="Sleeves\Manage\Model\ImageUploader">
        <arguments>
            <argument name="baseTmpPath" xsi:type="string"> sleeves_manage</argument>
            <argument name="basePath" xsi:type="string"> sleeves_manage</argument>
            <argument name="allowedExtensions" xsi:type="array">
                <item name="jpg" xsi:type="string">jpg</item>
                <item name="jpeg" xsi:type="string">jpeg</item>
                <item name="gif" xsi:type="string">gif</item>
                <item name="png" xsi:type="string">png</item>
            </argument>
        </arguments>
    </virtualType>  


    
    <virtualType name="SleevesGridFilterPool" 
        type="Magento\Framework\View\Element\UiComponent\DataProvider\FilterPool">
        <arguments>
            <argument name="appliers" xsi:type="array">
                <item name="regular" xsi:type="object">
                    Magento\Framework\View\Element\UiComponent\DataProvider\RegularFilter
                </item>
                <item name="fulltext" xsi:type="object">
                    Magento\Framework\View\Element\UiComponent\DataProvider\FulltextFilter
                </item>
            </argument>
        </arguments>
    </virtualType>
    
    <virtualType name="SleevesGridDataProvider" 
        type="Magento\Framework\View\Element\UiComponent\DataProvider\DataProvider">
        <arguments>
            <argument name="collection" xsi:type="object" shared="false">
                Sleeves\Manage\Model\ResourceModel\Sleeves\Collection
            </argument>
            <argument name="filterPool" xsi:type="object" shared="false">
                SleevesGridFilterPool
            </argument>
        </arguments>
    </virtualType>

</config>
